{
    "ekrhf": -11.251175673779114,
    "ekmp2": -0.4549965666830683,
    "total_energy": -11.706172240462182
}