{
    "ekrhf": -11.370799845684608,
    "ekmp2": -0.4396529102401337,
    "total_energy": -11.810452755924743
}