{
    "ekrhf": -11.370714494111624,
    "ekmp2": -0.45347691731324224,
    "total_energy": -11.824191411424867
}