{
    "ekrhf": -10.261989966891466,
    "ekmp2": -0.46215990359362835,
    "total_energy": -10.724149870485094
}