{
    "ekrhf": -11.365649249589252,
    "ekmp2": -0.450987671122748,
    "total_energy": -11.816636920712
}