{
    "ekrhf": -11.36564826467637,
    "ekmp2": -0.4397386513269413,
    "total_energy": -11.805386916003311
}