{
    "ekrhf": -11.370714494111628,
    "ekmp2": -0.4525971982926459,
    "total_energy": -11.823311692404273
}