{
    "ekrhf": -11.370442814156403,
    "ekmp2": -0.3929063322151895,
    "total_energy": -11.763349146371592
}