{
    "ekrhf": -11.37079984568462,
    "ekmp2": -0.4234387792047741,
    "total_energy": -11.794238624889395
}