{
    "ekrhf": -11.369470717334135,
    "ekmp2": -0.3929055713898556,
    "total_energy": -11.76237628872399
}