{
    "ekrhf": -10.261981930845401,
    "ekmp2": -0.4555422176157508,
    "total_energy": -10.717524148461152
}