{
    "ekrhf": -10.261981930845405,
    "ekmp2": -0.39054919554855205,
    "total_energy": -10.652531126393956
}