{
    "ekrhf": -10.261981930845401,
    "ekmp2": -0.4276843691405922,
    "total_energy": -10.689666299985994
}