{
    "ekrhf": -11.370442814156409,
    "ekmp2": -0.4534868848704545,
    "total_energy": -11.823929699026863
}