{
    "ekrhf": -11.370714494111633,
    "ekmp2": -0.4473354383667909,
    "total_energy": -11.818049932478424
}