{
    "ekrhf": -11.369471676214864,
    "ekmp2": -0.4473639567812027,
    "total_energy": -11.816835632996067
}