{
    "ekrhf": -11.348511131724774,
    "ekmp2": -0.42356787600272283,
    "total_energy": -11.772079007727497
}