{
    "ekrhf": -11.25117567377911,
    "ekmp2": -0.448596733041144,
    "total_energy": -11.699772406820255
}