{
    "ekrhf": -11.365649249589252,
    "ekmp2": -0.44744098292083595,
    "total_energy": -11.813090232510088
}