{
    "ekrhf": -11.251175673779112,
    "ekmp2": -0.4240518250622391,
    "total_energy": -11.675227498841352
}