{
    "ekrhf": -11.365649249589254,
    "ekmp2": -0.4397381111819296,
    "total_energy": -11.805387360771183
}