{
    "ekrhf": -10.261989966891464,
    "ekmp2": -0.4632874802484197,
    "total_energy": -10.725277447139884
}