{
    "ekrhf": -10.261989966891464,
    "ekmp2": -0.45996400206702187,
    "total_energy": -10.721953968958486
}