{
    "ekrhf": -11.365649249589255,
    "ekmp2": -0.45272123083153176,
    "total_energy": -11.818370480420787
}