{
    "ekrhf": -11.369470717334126,
    "ekmp2": -0.4473645212476431,
    "total_energy": -11.816835238581769
}