{
    "ekrhf": -11.348510108324767,
    "ekmp2": -0.39288638067181575,
    "total_energy": -11.741396488996584
}