{
    "ekrhf": -11.348511131724775,
    "ekmp2": -0.45381359989843434,
    "total_energy": -11.80232473162321
}