{
    "ekrhf": -11.34851010832477,
    "ekmp2": -0.43987051492339,
    "total_energy": -11.78838062324816
}