{
    "ekrhf": -11.370442814156402,
    "ekmp2": -0.4234436973435682,
    "total_energy": -11.79388651149997
}