{
    "ekrhf": -11.370714494111631,
    "ekmp2": -0.439654662635959,
    "total_energy": -11.81036915674759
}