{
    "ekrhf": -11.34851113172477,
    "ekmp2": -0.45117985757217904,
    "total_energy": -11.799690989296948
}