{
    "ekrhf": -11.370442814156405,
    "ekmp2": -0.45087918288423434,
    "total_energy": -11.82132199704064
}