{
    "ekrhf": -11.370799845684623,
    "ekmp2": -0.44733315285225095,
    "total_energy": -11.818132998536873
}