{
    "ekrhf": -11.251175673779116,
    "ekmp2": -0.44065634941809806,
    "total_energy": -11.691832023197215
}