{
    "ekrhf": -11.365649249589255,
    "ekmp2": -0.45360425462821496,
    "total_energy": -11.819253504217471
}