{
    "ekrhf": -11.251175673779116,
    "ekmp2": -0.4540775518831388,
    "total_energy": -11.705253225662254
}