{
    "ekrhf": -11.348511131724772,
    "ekmp2": -0.4476118431893047,
    "total_energy": -11.796122974914077
}