{
    "ekrhf": -11.370442814156409,
    "ekmp2": -0.43966115614834367,
    "total_energy": -11.810103970304752
}