{
    "ekrhf": -11.34851113172477,
    "ekmp2": -0.3928858852873406,
    "total_energy": -11.74139701701211
}