{
    "ekrhf": -11.370714494111622,
    "ekmp2": -0.39290665848510714,
    "total_energy": -11.763621152596729
}