{
    "ekrhf": -11.370442814156402,
    "ekmp2": -0.45260690435644596,
    "total_energy": -11.823049718512847
}