{
    "ekrhf": -11.369471676214866,
    "ekmp2": -0.4396770131748544,
    "total_energy": -11.80914868938972
}