{
    "ekrhf": -11.369470717334126,
    "ekmp2": -0.42345373554182025,
    "total_energy": -11.792924452875946
}