{
    "ekrhf": -10.261981930845398,
    "ekmp2": -0.3938409567626882,
    "total_energy": -10.655822887608085
}