{
    "ekrhf": -11.370799845684608,
    "ekmp2": -0.4525944689846061,
    "total_energy": -11.823394314669214
}