{
    "ekrhf": -11.348510108324763,
    "ekmp2": -0.44761243929752004,
    "total_energy": -11.796122547622284
}