{
    "ekrhf": -11.365649249589254,
    "ekmp2": -0.39290395519135274,
    "total_energy": -11.758553204780606
}