{
    "ekrhf": -11.370714494111642,
    "ekmp2": -0.4234397956107834,
    "total_energy": -11.794154289722425
}