{
    "ekrhf": -11.370799845684617,
    "ekmp2": -0.4508674027552282,
    "total_energy": -11.821667248439846
}