{
    "ekrhf": -11.36947167621486,
    "ekmp2": -0.452630866497168,
    "total_energy": -11.82210254271203
}