{
    "ekrhf": -10.261981930845403,
    "ekmp2": -0.4463179708962347,
    "total_energy": -10.708299901741638
}