{
    "ekrhf": -11.251174371815104,
    "ekmp2": -0.424052468584075,
    "total_energy": -11.675226840399178
}