{
    "ekrhf": -11.365648264676363,
    "ekmp2": -0.44744155668892654,
    "total_energy": -11.81308982136529
}