{
    "ekrhf": -11.369471676214863,
    "ekmp2": -0.4535115092555302,
    "total_energy": -11.822983185470394
}