{
    "ekrhf": -11.370799845684603,
    "ekmp2": -0.3929069565763079,
    "total_energy": -11.763706802260911
}