{
    "ekrhf": -11.251174371815104,
    "ekmp2": -0.4005915006093902,
    "total_energy": -11.651765872424495
}