{
    "ekrhf": -11.34851010832477,
    "ekmp2": -0.42356842419629703,
    "total_energy": -11.772078532521068
}