{
    "ekrhf": -11.348511131724774,
    "ekmp2": -0.4529246885102292,
    "total_energy": -11.801435820235003
}