{
    "ekrhf": -10.261981930845401,
    "ekmp2": -0.3938409567626898,
    "total_energy": -10.65582288760809
}