{
    "ekrhf": -11.37071449411162,
    "ekmp2": -0.4508699785877496,
    "total_energy": -11.82158447269937
}