{
    "ekrhf": -11.251174371815104,
    "ekmp2": -0.44065701657573153,
    "total_energy": -11.691831388390835
}