{
    "ekrhf": -11.34851010832477,
    "ekmp2": -0.40218673378240716,
    "total_energy": -11.750696842107178
}