{
    "ekrhf": -11.365648264676365,
    "ekmp2": -0.40249359080185354,
    "total_energy": -11.768141855478218
}