{
    "ekrhf": -11.369470717334131,
    "ekmp2": -0.43967754465853376,
    "total_energy": -11.809148261992664
}