{
    "ekrhf": -11.369470717334128,
    "ekmp2": -0.4026213897722608,
    "total_energy": -11.772092107106388
}