{
    "ekrhf": -11.370442814156402,
    "ekmp2": -0.4473436818571144,
    "total_energy": -11.817786496013516
}