{
    "ekrhf": -11.369471676214863,
    "ekmp2": -0.45090187521699693,
    "total_energy": -11.82037355143186
}