{
    "ekrhf": -11.251174371815106,
    "ekmp2": -0.44859744261325835,
    "total_energy": -11.699771814428363
}