{
    "ekrhf": -11.370799845684619,
    "ekmp2": -0.4534741079196201,
    "total_energy": -11.824273953604239
}