{
    "ekrhf": -11.251175673779114,
    "ekmp2": -0.3929033229272773,
    "total_energy": -11.64407899670639
}