{
    "ekrhf": -11.369471676214868,
    "ekmp2": -0.3929050972245169,
    "total_energy": -11.762376773439385
}