{
    "ekrhf": -11.365649249589254,
    "ekmp2": -0.42349034605196545,
    "total_energy": -11.789139595641219
}