{
    "ekrhf": -11.251174371815102,
    "ekmp2": -0.3929038942464135,
    "total_energy": -11.644078266061516
}