{
    "ekrhf": -11.348511131724775,
    "ekmp2": -0.4398699538304267,
    "total_energy": -11.788381085555201
}