{
    "ekrhf": -11.36564826467636,
    "ekmp2": -0.3929044364001737,
    "total_energy": -11.758552701076534
}