{
    "ekrhf": -11.251175673779116,
    "ekmp2": -0.452275133459485,
    "total_energy": -11.703450807238601
}