{
    "ekrhf": -11.365648264676361,
    "ekmp2": -0.4234908759287738,
    "total_energy": -11.789139140605135
}