{
    "ekrhf": -11.369471676214864,
    "ekmp2": -0.4234532139088754,
    "total_energy": -11.79292489012374
}