{
    "ekrhf": -24.586267362613096,
    "ekmp2": -0.3299605984471195,
    "total_energy": -24.916227961060216
}