{
    "ekrhf": -24.341196860543604,
    "ekmp2": -0.3713411570455786,
    "total_energy": -24.712538017589182
}