{
    "ekrhf": -24.586908636173305,
    "ekmp2": -0.32976200500595154,
    "total_energy": -24.916670641179255
}