{
    "ekrhf": -24.586908636173252,
    "ekmp2": -0.328937158803863,
    "total_energy": -24.915845794977116
}