{
    "ekrhf": -24.341196860543604,
    "ekmp2": -0.344971113249447,
    "total_energy": -24.68616797379305
}