{
    "ekrhf": -24.341196860543604,
    "ekmp2": -0.37085130253435283,
    "total_energy": -24.712048163077956
}