{
    "ekrhf": -24.586909672083713,
    "ekmp2": -0.3269924156542899,
    "total_energy": -24.913902087738002
}