{
    "ekrhf": -24.58690967208372,
    "ekmp2": -0.32962202177798133,
    "total_energy": -24.916531693861703
}