{
    "ekrhf": -24.586911226909077,
    "ekmp2": -0.31371124585481397,
    "total_energy": -24.900622472763892
}