{
    "ekrhf": -24.586909672083728,
    "ekmp2": -0.3297619001463037,
    "total_energy": -24.91667157223003
}