{
    "ekrhf": -24.586880447228104,
    "ekmp2": -0.3297948074128127,
    "total_energy": -24.916675254640918
}