{
    "ekrhf": -24.586880447228125,
    "ekmp2": -0.3294914027610119,
    "total_energy": -24.916371849989137
}