{
    "ekrhf": -24.341196860543604,
    "ekmp2": -0.37141789917952633,
    "total_energy": -24.71261475972313
}