{
    "ekrhf": -24.575274935747128,
    "ekmp2": -0.3333533914455428,
    "total_energy": -24.90862832719267
}