{
    "ekrhf": -24.58691122690908,
    "ekmp2": -0.329720781786045,
    "total_energy": -24.916632008695125
}