{
    "ekrhf": -24.586267362613093,
    "ekmp2": -0.3292720103463552,
    "total_energy": -24.915539372959447
}