{
    "ekrhf": -24.58691122690907,
    "ekmp2": -0.3294624089582794,
    "total_energy": -24.916373635867348
}