{
    "ekrhf": -24.575274935747128,
    "ekmp2": -0.33325413389197706,
    "total_energy": -24.908529069639105
}