{
    "ekrhf": -24.586267362613096,
    "ekmp2": -0.3301010542844994,
    "total_energy": -24.916368416897594
}