{
    "ekrhf": -24.586267362613103,
    "ekmp2": -0.33005596087668,
    "total_energy": -24.916323323489785
}