{
    "ekrhf": -24.586911226909073,
    "ekmp2": -0.3269960238205977,
    "total_energy": -24.91390725072967
}