{
    "ekrhf": -24.586909672083706,
    "ekmp2": -0.31370812115323377,
    "total_energy": -24.90061779323694
}