{
    "ekrhf": -24.58626736261308,
    "ekmp2": -0.32731496143864164,
    "total_energy": -24.91358232405172
}