{
    "ekrhf": -24.586908636173288,
    "ekmp2": -0.3269925084521432,
    "total_energy": -24.91390114462543
}