{
    "ekrhf": -24.57527493574712,
    "ekmp2": -0.31659029805553407,
    "total_energy": -24.891865233802655
}