{
    "ekrhf": -24.586908957198176,
    "ekmp2": -0.3296227551306586,
    "total_energy": -24.916531712328833
}