{
    "ekrhf": -24.58690863617326,
    "ekmp2": -0.3297170988492094,
    "total_energy": -24.916625735022468
}