{
    "ekrhf": -24.58690895719817,
    "ekmp2": -0.3297626345826297,
    "total_energy": -24.916671591780798
}