{
    "ekrhf": -24.586908957198155,
    "ekmp2": -0.32945936746063287,
    "total_energy": -24.916368324658787
}