{
    "ekrhf": -24.341196860543597,
    "ekmp2": -0.3711800467863057,
    "total_energy": -24.712376907329904
}