{
    "ekrhf": -24.586908636173234,
    "ekmp2": -0.32945873962761896,
    "total_energy": -24.916367375800853
}