{
    "ekrhf": -24.586908957198172,
    "ekmp2": -0.32699312047534823,
    "total_energy": -24.91390207767352
}