{
    "ekrhf": -24.586267362613103,
    "ekmp2": -0.32979633213998544,
    "total_energy": -24.91606369475309
}