{
    "ekrhf": -24.586911226909095,
    "ekmp2": -0.3296258047298288,
    "total_energy": -24.916537031638924
}