{
    "ekrhf": -24.57527493574712,
    "ekmp2": -0.3325290325604951,
    "total_energy": -24.907803968307615
}