{
    "ekrhf": -24.586880447228097,
    "ekmp2": -0.32965487246651054,
    "total_energy": -24.916535319694606
}