{
    "ekrhf": -24.586908957198148,
    "ekmp2": -0.313708723852003,
    "total_energy": -24.90061768105015
}