{
    "ekrhf": -24.3411968605436,
    "ekmp2": -0.3698173234549426,
    "total_energy": -24.711014183998543
}