{
    "ekrhf": -24.586880447228083,
    "ekmp2": -0.3270237548755627,
    "total_energy": -24.913904202103645
}