{
    "ekrhf": -24.575274935747117,
    "ekmp2": -0.3330809164804513,
    "total_energy": -24.90835585222757
}