{
    "ekrhf": -24.58688044722811,
    "ekmp2": -0.3137348113638274,
    "total_energy": -24.900615258591937
}