{
    "ekrhf": -24.58690967208372,
    "ekmp2": -0.329716994107544,
    "total_energy": -24.916626666191263
}