{
    "ekrhf": -24.58690895719816,
    "ekmp2": -0.32971772819887246,
    "total_energy": -24.91662668539703
}