{
    "ekrhf": -24.586908636173323,
    "ekmp2": -0.32962212636324256,
    "total_energy": -24.916530762536567
}