{
    "ekrhf": -24.57527493574712,
    "ekmp2": -0.330446425231717,
    "total_energy": -24.905721360978838
}