{
    "ekrhf": -24.586911226909084,
    "ekmp2": -0.3289407994633552,
    "total_energy": -24.915852026372438
}