{
    "ekrhf": -24.586908957198148,
    "ekmp2": -0.32893778193893075,
    "total_energy": -24.915846739137077
}