{
    "ekrhf": -24.5862673626131,
    "ekmp2": -0.31397850292353374,
    "total_energy": -24.900245865536633
}