{
    "ekrhf": -24.575274935747117,
    "ekmp2": -0.3334003723151402,
    "total_energy": -24.908675308062257
}