{
    "ekrhf": -24.586909672083735,
    "ekmp2": -0.32945863567253064,
    "total_energy": -24.916368307756265
}