{
    "ekrhf": -24.341196860543604,
    "ekmp2": -0.25498259955120106,
    "total_energy": -24.596179460094806
}