{
    "ekrhf": -24.58690967208375,
    "ekmp2": -0.32893705604510043,
    "total_energy": -24.915846728128848
}