{
    "ekrhf": -24.586880447228094,
    "ekmp2": -0.3297498833662763,
    "total_energy": -24.91663033059437
}