{
    "ekrhf": -24.586911226909088,
    "ekmp2": -0.32976568996446204,
    "total_energy": -24.91667691687355
}