{
    "ekrhf": -24.3411968605436,
    "ekmp2": -0.36584322491453924,
    "total_energy": -24.70704008545814
}