{
    "ekrhf": -24.586880447228097,
    "ekmp2": -0.3289695641742908,
    "total_energy": -24.915850011402387
}