{
    "ekrhf": -24.586908636173284,
    "ekmp2": -0.31370817051724753,
    "total_energy": -24.900616806690532
}