{
    "ekrhf": -11.251174371815104,
    "ekmp2": -0.39290388970642215,
    "total_energy": -11.644078261521527
}