{
    "ekrhf": -10.261981930845405,
    "ekmp2": -0.3905491955482843,
    "total_energy": -10.65253112639369
}