{
    "ekrhf": -11.022213669251492,
    "ekmp2": -0.2548621143571114,
    "total_energy": -11.277075783608604
}