{
    "ekrhf": -11.348510108324767,
    "ekmp2": -0.4235684543124159,
    "total_energy": -11.772078562637184
}