{
    "ekrhf": -10.212865987599205,
    "ekmp2": -0.16457141157475932,
    "total_energy": -10.377437399173964
}