{
    "ekrhf": -10.956872006874852,
    "ekmp2": -0.23464370028898593,
    "total_energy": -11.191515707163838
}