{
    "ekrhf": -11.365648264676365,
    "ekmp2": -0.4397387021812698,
    "total_energy": -11.805386966857634
}