{
    "ekrhf": -11.028316581363901,
    "ekmp2": -0.267169811420975,
    "total_energy": -11.295486392784877
}