{
    "ekrhf": -11.028679592897372,
    "ekmp2": -0.26352349663404967,
    "total_energy": -11.292203089531423
}